{
    "$schema": "https://schema.management.azure.com/schemas/2015-01-01/deploymentParameters.json#",
    "contentVersion": "1.0.0.0",
    "parameters": {
        "location": {
            "value": "eastus"
        },
        "apimName": {
            "value": "apiManagement-prakash12"
        },
        "organizationName": {
            "value": "apiManagement-prakash"
        },
        "adminEmail": {
            "value": "pramuk97@gmail.com"
        },
        "tier": {
            "value": "Developer"
        },
        "appInsightsOption": {
            "value": false
        },
        "appInsightsObject": {
            "value": {
                "name": "generatedName",
                "id": "generatedId"
            }
        },
        "capacity": {
            "value": "1"
        },
        "identity": {
            "value": {
                "type": "None"
            }
        },
        "virtualNetworkType": {
            "value": "None"
        },
        "vnet": {
            "value": {}
        },
        "tripleDES": {
            "value": false
        },
        "http2": {
            "value": false
        },
        "clientTls11": {
            "value": false
        },
        "clientTls10": {
            "value": false
        },
        "clientSsl30": {
            "value": false
        },
        "backendTls11": {
            "value": false
        },
        "backendTls10": {
            "value": false
        },
        "backendSsl30": {
            "value": false
        },
        "tagsByResource": {
            "value": {}
        }
    }
}