{
    "$schema": "https://schema.management.azure.com/schemas/2019-04-01/deploymentTemplate.json#",
    "contentVersion": "1.0.0.0",
    "parameters": {
        "hostingPlanName": {
            "type": "string"
        },
        "location": {
            "type": "string"
        }
    },
    "functions": [],
    "variables": {},
    "resources": [
        {
            "type": "Microsoft.Web/serverfarms",
            "apiVersion": "2020-06-01",
            "name": "[parameters('hostingPlanName')]",
            "location": "[parameters('location')]",
            "sku": {
                "name": "Y1",
                "tier": "Dynamic"
            },
            "properties": {
                "name": "[parameters('hostingPlanName')]",
                "computeMode": "Dynamic"
            }
        }
    ],
    "outputs": {}
}