{
    "$schema": "https://schema.management.azure.com/schemas/2019-04-01/deploymentTemplate.json#",
    "contentVersion": "1.0.0.0",
    "parameters": {
        "appName": {
            "type": "string",
            "defaultValue": "[concat('fnapp', uniqueString(resourceGroup().id))]",
            "metadata": {
                "description": "The name of the function app."
            }
        },
        "storageAccountType": {
            "type": "string",
            "defaultValue": "Standard_LRS",
            "allowedValues": [
                "Standard_LRS",
                "Standard_GRS",
                "Standard_RAGRS"
            ],
            "metadata": {
                "description": "Storage Account type"
            }
        },
        "location": {
            "type": "string",
            "defaultValue": "[resourceGroup().location]",
            "metadata": {
                "description": "Location for all resources."
            }
        },
        "appInsightsLocation": {
            "type": "string",
            "defaultValue": "[resourceGroup().location]",
            "metadata": {
                "description": "Location for Application Insights"
            }
        },
        "runtime": {
            "type": "string",
            "allowedValues": [
                "node",
                "dotnet",
                "java"
            ],
            "metadata": {
                "description": "The language worker runtime to load in the function app."
            }
        },
        "storageKind": {
            "type": "string",
            "defaultValue": "Storage",
            "allowedValues": [
                "BlobStorage",
                "BlockBlobStorage",
                "FileStorage",
                "Storage",
                "StorageV2"
            ]
        },
        "storageAccountTemplate": {
            "type": "string"
        },
        "serverFarmTemplate": {
            "type": "string"
        }
    },
    "variables": {
        "functionAppName": "[parameters('appName')]",
        "hostingPlanName": "[parameters('appName')]",
        "applicationInsightsName": "[parameters('appName')]",
        "storageAccountName": "[concat(uniquestring(resourceGroup().id), 'azfunctions')]",
        "functionWorkerRuntime": "[parameters('runtime')]",
        "storageAccounts-template-link": "[parameters('storageAccountTemplate')]",
        "serverfarms-template-link": "[parameters('serverFarmTemplate')]"
    },
    "resources": [
        {
            "name": "storageAccounts",
            "type": "Microsoft.Resources/deployments",
            "apiVersion": "2019-10-01",
            "properties": {
                "mode": "Incremental",
                "templateLink": {
                    "uri": "[variables('storageAccounts-template-link')]",
                    "contentVersion": "1.0.0.0"
                },
                "parameters": {
                    "storageAccountName": { "value": "[variables('storageAccountName')]" },
                    "storageAccountType": { "value": "[parameters('storageAccountType')]" },
                    "location": { "value": "[parameters('location')]" },
                    "storageKind": { "value": "[parameters('storageKind')]" }
                }
            }
        },
        {
            "name": "serverfarms",
            "type": "Microsoft.Resources/deployments",
            "apiVersion": "2019-10-01",
            "properties": {
                "mode": "Incremental",
                "templateLink": {
                    "uri": "[variables('serverfarms-template-link')]",
                    "contentVersion": "1.0.0.0"
                },
                "parameters": {
                    "hostingPlanName": { "value": "[variables('hostingPlanName')]" },
                    "location": { "value": "[parameters('location')]" }
                }
            }
        },
        {
            "type": "Microsoft.Web/sites",
            "apiVersion": "2020-06-01",
            "name": "[variables('functionAppName')]",
            "location": "[parameters('location')]",
            "kind": "functionapp",
            "dependsOn": [
                "[resourceId('Microsoft.Resources/deployments','serverfarms')]",
                "[resourceId('Microsoft.Resources/deployments','storageAccounts')]"
            ],
            "properties": {
                "serverFarmId": "[resourceId('Microsoft.Web/serverfarms', variables('hostingPlanName'))]",
                "siteConfig": {
                    "appSettings": [
                        {
                            "name": "AzureWebJobsStorage",
                            "value": "[concat('DefaultEndpointsProtocol=https;AccountName=', variables('storageAccountName'), ';EndpointSuffix=', environment().suffixes.storage, ';AccountKey=',listKeys(resourceId('Microsoft.Storage/storageAccounts', variables('storageAccountName')), '2019-06-01').keys[0].value)]"
                        },
                        {
                            "name": "WEBSITE_CONTENTAZUREFILECONNECTIONSTRING",
                            "value": "[concat('DefaultEndpointsProtocol=https;AccountName=', variables('storageAccountName'), ';EndpointSuffix=', environment().suffixes.storage, ';AccountKey=',listKeys(resourceId('Microsoft.Storage/storageAccounts', variables('storageAccountName')), '2019-06-01').keys[0].value)]"
                        },
                        {
                            "name": "WEBSITE_CONTENTSHARE",
                            "value": "[toLower(variables('functionAppName'))]"
                        },
                        {
                            "name": "FUNCTIONS_EXTENSION_VERSION",
                            "value": "~2"
                        },
                        {
                            "name": "WEBSITE_NODE_DEFAULT_VERSION",
                            "value": "~10"
                        },
                        {
                            "name": "APPINSIGHTS_INSTRUMENTATIONKEY",
                            "value": "[reference(resourceId('microsoft.insights/components', variables('applicationInsightsName')), '2020-02-02-preview').InstrumentationKey]"
                        },
                        {
                            "name": "FUNCTIONS_WORKER_RUNTIME",
                            "value": "[variables('functionWorkerRuntime')]"
                        }
                    ]
                }
            }
        },
        {
            "type": "microsoft.insights/components",
            "apiVersion": "2020-02-02",
            "name": "[variables('applicationInsightsName')]",
            "location": "[parameters('appInsightsLocation')]",
            "tags": {
                "[concat('hidden-link:', resourceId('Microsoft.Web/sites', variables('applicationInsightsName')))]": "Resource"
            },
            "kind": "web",
            "properties": {
                "Application_Type": "web",
                "Request_Source": "rest"
            }
        }
    ]
}