{
    "$schema": "https://schema.management.azure.com/schemas/2019-04-01/deploymentTemplate.json#",
    "contentVersion": "1.0.0.0",
    "parameters": {
        "storageAccountName": {
            "type": "string"
        },
        "storageAccountType": {
            "type": "string"
        },
        "location": {
            "type": "string"
        },
        "storageKind":{
            "type": "string"
        }
    },
    "functions": [],
    "variables": {},
    "resources": [
        {
            "type": "Microsoft.Storage/storageAccounts",
            "apiVersion": "2019-06-01",
            "name": "[parameters('storageAccountName')]",
            "location": "[parameters('location')]",
            "sku": {
                "name": "[parameters('storageAccountType')]"
            },
            "kind": "[parameters('storageKind')]"
        }
    ],
    "outputs": {}
}
