{
    "$schema": "https://schema.management.azure.com/schemas/2019-04-01/deploymentParameters.json#",
    "contentVersion": "1.0.0.0",
    "parameters": {
      "serverName": {
        "value": "azuredbserver232344de"
      },
      "sqlDBName": {
        "value": "SampleDBJKs"
      },
      
      "administratorLogin": {
        "value": "Sachin2022"
      },
      "administratorLoginPassword": {
        "reference": {
          "keyVault": {
              "id": "/subscriptions/<subscriptionid>/resourceGroups/<Resource Group Name>/providers/Microsoft.KeyVault/vaults/<KeyVault Name>"
          },
          "secretName": "dbAdminPassword"
      }
      }
    }
  }