{
  "$schema": "https://schema.management.azure.com/schemas/2019-04-01/deploymentTemplate.json#",
  "contentVersion": "1.0.0.0",
  "parameters": {
    "evName": {
      "type": "string",
      "defaultValue":"jkeventhublinkedtemplateNew",
      "metadata": {
        "description": "Specifies a project name that is used to generate the Event Hub name and the Namespace name."
      }
    },
    "location": {
      "type": "string",
      "defaultValue": "[resourceGroup().location]",
      "metadata": {
        "description": "Specifies the Azure location for all resources."
      }
    },
    "eventHubSku": {
      "type": "string",
      "defaultValue": "Standard",
      "allowedValues": [ "Basic", "Standard" ],
      "metadata": {
        "description": "Specifies the messaging tier for Event Hub Namespace."
      }
    }
  },
  "variables": {
    "eventHubNamespaceName": "[concat(parameters('evName'), 'ns')]",
    "eventHubName": "[parameters('evName')]"
  },
  "resources": [
    {
      "type": "Microsoft.EventHub/namespaces",
      "apiVersion": "2018-01-01-preview",
      "name": "[variables('eventHubNamespaceName')]",
      "location": "[parameters('location')]",
      "sku": {
        "name": "[parameters('eventHubSku')]",
        "tier": "[parameters('eventHubSku')]",
        "capacity": 1
      },
      "properties": {
        "isAutoInflateEnabled": false,
        "maximumThroughputUnits": 0
      }
    },
    {
      "type": "Microsoft.EventHub/namespaces/eventhubs",
      "apiVersion": "2017-04-01",
      "name": "[concat(variables('eventHubNamespaceName'), '/', variables('eventHubName'))]",
      "location": "[parameters('location')]",
      "dependsOn": [
        "[resourceId('Microsoft.EventHub/namespaces', variables('eventHubNamespaceName'))]"
      ],
      "properties": {
        "messageRetentionInDays": 7,
        "partitionCount": 1
      }
    }
  ]
}