{
  "$schema": "https://schema.management.azure.com/schemas/2019-04-01/deploymentTemplate.json#",
  "contentVersion": "1.0.0.0",
  "parameters": {
    "keyVaultName": {
      "type": "string",
      "metadata": {
        "description": "samilaqa"
      }
    },
    "location": {
      "type": "string",
      "defaultValue": "[resourceGroup().location]",
      "metadata": {
        "description": "eastus."
      }
    },
    "enabledForDeployment": {
      "type": "bool",
      "defaultValue": false,
      "allowedValues": [
        true,
        false
      ],
      "metadata": {
        "description": "Specifies whether Azure Virtual Machines are permitted to retrieve certificates stored as secrets from the key vault."
      }
    },
    "enabledForDiskEncryption": {
      "type": "bool",
      "defaultValue": false,
      "allowedValues": [
        true,
        false
      ],
      "metadata": {
        "description": "Specifies whether Azure Disk Encryption is permitted to retrieve secrets from the vault and unwrap keys."
      }
    },
    "enabledForTemplateDeployment": {
      "type": "bool",
      "defaultValue": false,
      "allowedValues": [
        true,
        false
      ],
      "metadata": {
        "description": "Specifies whether Azure Resource Manager is permitted to retrieve secrets from the key vault."
      }
    },
    "tenantId": {
      "type": "string",
      "defaultValue": "[subscription().tenantId]",
      "metadata": {
        "description": "abddba8f-e7dd-4b5f-9e35-3bf177af49be"
      }
    },
    "objectId": {
      "type": "string",
      "metadata": {
        "description": "04083dc1-d68e-4f58-bda2-f336907a48ff"
      }
    },
    "keysPermissions": {
      "type": "array",
      "defaultValue": [
        "list"
      ],
      "metadata": {
        "description": "Specifies the permissions to keys in the vault. Valid values are: all, encrypt, decrypt, wrapKey, unwrapKey, sign, verify, get, list, create, update, import, delete, backup, restore, recover, and purge."
      }
    },
    "secretsPermissions": {
      "type": "array",
      "defaultValue": [
        "list"
      ],
      "metadata": {
        "description": "list"
      }
    },
    "skuName": {
      "type": "string",
      "defaultValue": "Standard",
      "allowedValues": [
        "Standard",
        "Premium"
      ],
      "metadata": {
        "description": "Standard"
      }
    },
    "secretName": {
      "type": "string",
      "metadata": {
        "description": "Specifies the name of the secret that you want to create."
      }
    },
    "secretValue": {
      "type": "securestring",
      "metadata": {
        "description": "Specifies the value of the secret that you want to create."
      }
    }
  },
  "resources": [
    {
      "type": "Microsoft.KeyVault/vaults",
      "apiVersion": "2019-09-01",
      "name": "[parameters('keyVaultName')]",
      "location": "[parameters('location')]",
      "properties": {
        "enabledForDeployment": "[parameters('enabledForDeployment')]",
        "enabledForDiskEncryption": "[parameters('enabledForDiskEncryption')]",
        "enabledForTemplateDeployment": "[parameters('enabledForTemplateDeployment')]",
        "tenantId": "[parameters('tenantId')]",
        "accessPolicies": [
          {
            "objectId": "[parameters('objectId')]",
            "tenantId": "[parameters('tenantId')]",
            "permissions": {
              "keys": "[parameters('keysPermissions')]",
              "secrets": "[parameters('secretsPermissions')]"
            }
          }
        ],
        "sku": {
          "name": "[parameters('skuName')]",
          "family": "A"
        },
        "networkAcls": {
          "defaultAction": "Allow",
          "bypass": "AzureServices"
        }
      }
    },
    {
      "type": "Microsoft.KeyVault/vaults/secrets",
      "apiVersion": "2019-09-01",
      "name": "[concat(parameters('keyVaultName'), '/', parameters('secretName'))]",
      "location": "[parameters('location')]",
      "dependsOn": [
        "[resourceId('Microsoft.KeyVault/vaults', parameters('keyVaultName'))]"
      ],
      "properties": {
        "value": "[parameters('secretValue')]"
      }
    }
  ]
}