{
    "$schema": "https://schema.management.azure.com/schemas/2019-04-01/deploymentParameters.json#",
    "contentVersion": "1.0.0.0",
    "parameters": {
        "templatesastoken": {
            "value":"sp=r&st=2021-10-29T06:41:57Z&se=2021-10-29T14:41:57Z&sv=2020-08-04&sr=c&sig=%2F7%2FEHzY%2B3orqZ%2BtmJtQWppSFYpXpefzryd3bTIKbcRg%3D"
        },
		 "blobeventhubtemplateurl": {
            "value": "https://mystorageaccountjk.blob.core.windows.net/jklinkedtemplates/evTemplate.json"
        },
		 
		 "blobeventhubtemplateparameterurl": {
            "value": "https://mystorageaccountjk.blob.core.windows.net/jklinkedtemplates/azuredeploy.parameters.dev.json"
        },
        "blobazurefunctiontemplateurl":{
            "value": "https://mystorageaccountjk.blob.core.windows.net/jklinkedtemplates/azuredeploy.json"
        },
        "blobazurefunctiontemplateparameterurl":{
            "value": "https://mystorageaccountjk.blob.core.windows.net/jklinkedtemplates/azuredeploy.parameters.json"
        },
        "blobappservicetemplateurl":{
            "value": "https://mystorageaccountjk.blob.core.windows.net/jklinkedtemplates/appservicelinkedtemplate.json"
        },
        "blobappservicetemplateparameterurl":{
            "value": "https://mystorageaccountjk.blob.core.windows.net/jklinkedtemplates/appservicelinkedtemplate.parameters.json"
        },
        "blobservicebustemplateurl":{
            "value": "https://mystorageaccountjk.blob.core.windows.net/jklinkedtemplates/servicebusdeploy.json"
        },
        "blobservicebustemplateparameterurl": {
            "value": "https://mystorageaccountjk.blob.core.windows.net/jklinkedtemplates/servicebus.parameters.json"
        },
        "blobstorageaccounttemplateurl": {
            "value": "https://mystorageaccountjk.blob.core.windows.net/jklinkedtemplates/storaageaccounttemplate.json"
        },
        "blobstorageaccounttemplateparameterurl": {
            "value": "https://mystorageaccountjk.blob.core.windows.net/jklinkedtemplates/storageaccounttemplate.parameter.json"
        },
        "blobapimanagementtemplateurl": {
            "value": "https://mystorageaccountjk.blob.core.windows.net/jklinkedtemplates/api-management.template.json"
        },
        "blobapimanagementtemplateparameterurl": {
            "value": "https://mystorageaccountjk.blob.core.windows.net/jklinkedtemplates/api-management.template.parameters.json"
        },
        "blobvnettemplateurl": {
            "value": "https://mystorageaccountjk.blob.core.windows.net/jklinkedtemplates/vnc.json"
        },
        "blobvnettemplateparameterurl": {
            "value": "https://mystorageaccountjk.blob.core.windows.net/jklinkedtemplates/vnc.parameters.json"
        } ,
        "bloblogicapptemplateurl":{
            "value": "https://mystorageaccountjk.blob.core.windows.net/jklinkedtemplates/logicapp.json"
        },
        "bloblogicapptemplateparameterurl":{
            "value": "https://mystorageaccountjk.blob.core.windows.net/jklinkedtemplates/logicapp.parameters.json"
        },
        "blobkeyvaulttemplateurl":{
            "value": "https://mystorageaccountjk.blob.core.windows.net/jklinkedtemplates/key-Vault-template.json"
        },
        "blobkeyvaulttemplateparameterurl":{
              "value": "https://mystorageaccountjk.blob.core.windows.net/jklinkedtemplates/key-Vault-parameters.json"
        },
        "blobdatabasetemplateurl":{
            "value": "https://mystorageaccountjk.blob.core.windows.net/jklinkedtemplates/database-template.json"
        },
        "blobdatabasetemplateparameterurl":{
            "value": "https://mystorageaccountjk.blob.core.windows.net/jklinkedtemplates/database-parameters.json"
        }
    }
}

