{
    "$schema": "https://schema.management.azure.com/schemas/2019-04-01/deploymentTemplate.json#",
    "contentVersion": "1.0.0.0",
    "metadata": {
      "_generator": {
        "name": "bicep",
        "version": "0.4.412.5873",
        "templateHash": "16254364616677220399"
      }
    },
    "parameters": {
      "serviceBusNamespaceName": {
        "type": "string",
        "defaultValue": "newAshishServiceBus",
        "metadata": {
          "description": "Name of the Service Bus namespace"
        }
      },
      "serviceBusQueueName": {
        "type": "string",
        "defaultValue": "newServiceQueue",
        "metadata": {
          "description": "Name of the Queue"
        }
      },
      "location": {
        "type": "string",
        "defaultValue": "[resourceGroup().location]",
        "metadata": {
          "description": "Location for all resources."
        }
      }
    },
    "functions": [],
    "resources": [
      {
        "type": "Microsoft.ServiceBus/namespaces",
        "apiVersion": "2017-04-01",
        "name": "[parameters('serviceBusNamespaceName')]",
        "location": "[parameters('location')]",
        "sku": {
          "name": "Standard"
        },
        "properties": {}
      },
      {
        "type": "Microsoft.ServiceBus/namespaces/queues",
        "apiVersion": "2017-04-01",
        "name": "[format('{0}/{1}', parameters('serviceBusNamespaceName'), parameters('serviceBusQueueName'))]",
        "properties": {
          "lockDuration": "PT5M",
          "maxSizeInMegabytes": 1024,
          "requiresDuplicateDetection": false,
          "requiresSession": false,
          "defaultMessageTimeToLive": "P10675199DT2H48M5.4775807S",
          "deadLetteringOnMessageExpiration": false,
          "duplicateDetectionHistoryTimeWindow": "PT10M",
          "maxDeliveryCount": 10,
          "autoDeleteOnIdle": "P10675199DT2H48M5.4775807S",
          "enablePartitioning": false,
          "enableExpress": false
        },
        "dependsOn": [
          "[resourceId('Microsoft.ServiceBus/namespaces', parameters('serviceBusNamespaceName'))]"
        ]
      }
    ]
  }