{
    "$schema": "https://schema.management.azure.com/schemas/2019-04-01/deploymentTemplate.json#",
    "contentVersion": "1.0.0.0",
    "parameters": {
        "name": {
            "type": "string"
        },
        "location": {
            "type": "string"
        },
        "ubuntustoragename": {
            "type": "string"
        },
        "adminusername": {
            "type": "string"
        },

        "adminpassword": {
            "type": "string"
        },
         "protocol":{
                "type":"string"
            },
            "skuname": {
                "type": "string"

            },
            "ubuntuname": {

                "type": "string",
                "metadata": {
                    "description": "description"
                }
                
            }
            
    },
    "functions": [],
    "variables": {},
    "resources": [
        {
            "name": "[parameters('name')]",
            "type": "Microsoft.Network/networkSecurityGroups",
            "apiVersion": "2020-11-01",
            "location": "[parameters('location')]",
            "properties": {
                "securityRules": [
                    {
                        "name": "nsgRule1",
                        "properties": {
                            "description": "description",
                            "protocol": "[parameters('protocol')]",
                            "sourcePortRange": "*",
                            "destinationPortRange": "*",
                            "sourceAddressPrefix": "*",
                            "destinationAddressPrefix": "*",
                            "access": "Allow",
                            "priority": 100,
                            "direction": "Inbound"
                        }
                    }
                ]
            }
            
        },
        {
            "name": "[parameters('ubuntustoragename')]",
            "type": "Microsoft.Storage/storageAccounts",
            "apiVersion": "2021-04-01",
            "location": "[parameters('location')]",
            "tags": {
                "displayName": "UBUNTUVM32 Storage Account"
            },
            "sku": {
                "name": "[parameters('skuname')]"
            },
            "kind": "Storage"
        },
        {
            "name": "UBUNTUVM32-PublicIP",
            "type": "Microsoft.Network/publicIPAddresses",
            "apiVersion": "2020-11-01",
            "location": "[parameters('location')]",
            "tags": {
                "displayName": "PublicIPAddress"
            },
            "properties": {
                "publicIPAllocationMethod": "Dynamic",
                "dnsSettings": {
                    "domainNameLabel": "[toLower('UBUNTUVM32')]"
                }
            }
        },
        {
            "name": "UBUNTUVM32-nsg",
            "type": "Microsoft.Network/networkSecurityGroups",
            "apiVersion": "2020-11-01",
            "location": "[parameters('location')]",
            "properties": {
                "securityRules": [
                    {
                        "name": "nsgRule1",
                        "properties": {
                            "description": "description",
                            "protocol": "Tcp",
                            "sourcePortRange": "*",
                            "destinationPortRange": "22",
                            "sourceAddressPrefix": "*",
                            "destinationAddressPrefix": "*",
                            "access": "Allow",
                            "priority": 100,
                            "direction": "Inbound"
                        }
                    }
                ]
            }
        },
        {
            "type": "Microsoft.Network/virtualNetworks",
            "apiVersion": "2020-11-01",
            "name": "UBUNTUVM32-VirtualNetwork",
            "location": "[parameters('location')]",

            "dependsOn": [
                "[resourceId('Microsoft.Network/networkSecurityGroups', 'UBUNTUVM32-nsg')]"
            ],
            "tags": {
                "displayName": "UBUNTUVM32-VirtualNetwork"
            },
            "properties": {
                "addressSpace": {
                    "addressPrefixes": [
                        "10.0.0.0/16"
                    ]
                },
                "subnets": [
                    {
                        "name": "UBUNTUVM32-VirtualNetwork-Subnet",
                        "properties": {
                            "addressPrefix": "10.0.0.0/24",
                            "networkSecurityGroup": {
                                "id": "[resourceId('Microsoft.Network/networkSecurityGroups', 'UBUNTUVM32-nsg')]"
                            }
                        }
                    }
                ]
            }
        },
        {
            "name": "UBUNTUVM32-NetworkInterface",
            "type": "Microsoft.Network/networkInterfaces",
            "apiVersion": "2020-11-01",
            "location": "[parameters('location')]",
            "dependsOn": [
                "[resourceId('Microsoft.Network/publicIPAddresses', 'UBUNTUVM32-PublicIP')]",
                "[resourceId('Microsoft.Network/virtualNetworks', 'UBUNTUVM32-VirtualNetwork')]"
            ],
            "tags": {
                "displayName": "UBUNTUVM32-NetworkInterface"
            },
            "properties": {
                "ipConfigurations": [
                    {
                        "name": "ipConfig1",
                        "properties": {
                            "privateIPAllocationMethod": "Dynamic",
                            "publicIPAddress": {
                                "id": "[resourceId('Microsoft.Network/publicIPAddresses', 'UBUNTUVM32-PublicIP')]"
                            },
                            "subnet": {
                                "id": "[resourceId('Microsoft.Network/virtualNetworks/subnets', 'UBUNTUVM32-VirtualNetwork', 'UBUNTUVM32-VirtualNetwork-Subnet')]"
                            }
                        }
                    }
                ]
            }
        },
        {
            "name": "UBUNTUVM32",
            "type": "Microsoft.Compute/virtualMachines",
            "apiVersion": "2021-03-01",
            "location": "[parameters('location')]",
            "dependsOn": [
                "[resourceId('Microsoft.Network/networkInterfaces', 'UBUNTUVM32-NetworkInterface')]"
            ],
            "tags": {
                "displayName": "UBUNTUVM32"
            },
            "properties": {
                "hardwareProfile": {
                    "vmSize": "Standard_A2_v2"
                },
                "osProfile": {
                    "computerName": "[parameters('ubuntuname')]",
                    "adminUsername": "[parameters('adminusername')]",
                    "adminPassword": "[parameters('adminpassword')]"
                },
                "storageProfile": {
                    "imageReference": {
                        "publisher": "Canonical",
                        "offer": "UbuntuServer",
                        "sku": "16.04-LTS",
                        "version": "latest"
                    },
                    "osDisk": {
                        "name": "UBUNTUVM32-OSDisk",
                        "caching": "ReadWrite",
                        "createOption": "FromImage"
                    }
                },
                "networkProfile": {
                    "networkInterfaces": [
                        {
                            "id": "[resourceId('Microsoft.Network/networkInterfaces', 'UBUNTUVM32-NetworkInterface')]"
                        }
                    ]
                },
                "diagnosticsProfile": {
                    "bootDiagnostics": {
                        "enabled": true,
                        "storageUri": "[reference(resourceId('Microsoft.Storage/storageAccounts/', toLower('ubuntuvm32storage123'))).primaryEndpoints.blob]"
                    
                    }
                }
            }
        }
        
        

    ],
    "outputs": {}
}